Time,Row,Col,Detected_radius,R_median,G_median,B_median,A_star_median
0,0,0,28,92.0,96.0,147.0,140.0
0,0,1,28,92.0,92.0,147.0,142.0
0,0,2,28,93.0,95.0,150.0,142.0
0,0,3,28,93.0,93.0,150.0,143.0
0,0,4,29,94.0,95.0,153.0,143.0
0,0,5,28,96.0,97.0,152.0,141.0
0,0,6,29,96.0,99.0,152.0,140.0
0,0,7,28,93.0,95.0,150.0,142.0
0,0,8,28,96.0,101.0,153.0,140.0
0,0,9,29,104.0,110.0,157.0,137.0
0,1,0,29,93.0,96.0,149.0,140.0
0,1,1,29,88.0,89.0,146.0,142.0
0,1,2,28,90.0,89.0,149.0,144.0
0,1,3,28,92.0,90.0,149.0,144.0
0,1,4,28,91.0,90.0,150.0,144.0
0,1,5,29,91.0,90.0,149.0,143.0
0,1,6,29,91.0,91.0,148.0,143.0
0,1,7,28,89.0,91.0,152.0,143.0
0,1,8,28,95.0,99.0,151.0,140.0
0,1,9,29,103.0,108.0,159.0,139.0
0,2,0,28,98.0,103.0,156.0,140.0
0,2,1,28,97.0,94.0,153.0,144.0
0,2,2,28,98.0,96.0,148.0,141.0
0,2,3,28,97.0,97.0,153.0,142.0
0,2,4,28,96.0,96.0,153.0,142.0
0,2,5,28,94.0,94.0,150.0,142.0
0,2,6,29,93.0,94.0,149.0,142.0
0,2,7,28,93.0,95.0,151.0,141.0
0,2,8,27,95.0,98.0,155.0,142.0
0,2,9,29,102.0,108.0,160.0,139.0
0,3,0,32,118.0,123.0,184.0,141.0
0,3,1,29,110.0,116.0,183.0,143.0
0,3,2,28,111.0,116.0,183.0,143.0
0,3,3,28,103.0,109.0,174.0,142.0
0,3,4,32,106.0,111.0,176.0,143.0
0,3,5,29,111.0,119.0,177.0,139.0
0,4,0,28,120.0,127.0,186.0,140.0
0,4,1,26,108.0,111.0,184.0,146.0
0,4,2,28,110.0,114.0,181.0,143.0
0,4,3,28,101.0,104.0,168.0,143.0
0,4,4,29,104.0,108.0,172.0,143.0
0,4,5,29,107.0,113.0,175.0,141.0
10,0,0,29,96.0,101.0,151.0,139.0
10,0,1,22,86.0,87.0,147.0,143.0
10,0,2,29,91.0,94.0,149.0,141.0
10,0,3,28,89.0,91.0,147.0,142.0
10,0,4,28,87.0,90.0,145.0,142.0
10,0,5,29,89.0,92.0,143.0,140.0
10,0,6,28,87.0,90.0,142.0,140.0
10,0,7,29,85.0,88.0,142.0,141.0
10,0,8,28,87.0,92.0,143.0,139.0
10,0,9,28,95.0,100.0,146.0,138.0
10,1,0,29,91.0,95.0,152.0,142.0
10,1,1,28,85.0,87.0,147.0,143.0
10,1,2,28,84.0,86.0,145.0,143.0
10,1,3,29,85.0,86.0,144.0,143.0
10,1,4,28,81.0,82.0,141.0,144.0
10,1,5,29,80.0,81.0,137.0,142.0
10,1,6,29,81.0,81.0,136.0,142.0
10,1,7,30,80.0,83.0,142.0,143.0
10,1,8,29,86.0,89.0,141.0,140.0
10,1,9,30,94.0,99.0,146.0,138.0
10,2,0,29,97.0,103.0,157.0,140.0
10,2,1,29,95.0,94.0,153.0,143.0
10,2,2,29,94.0,94.0,145.0,141.0
10,2,3,29,91.0,93.0,150.0,142.0
10,2,4,29,90.0,92.0,148.0,142.0
10,2,5,27,85.0,87.0,142.0,142.0
10,2,6,29,85.0,87.0,140.0,141.0
10,2,7,28,82.0,85.0,141.0,142.0
10,2,8,28,85.0,89.0,142.0,140.0
10,2,9,30,95.0,100.0,148.0,138.0
10,3,0,28,113.0,112.0,177.0,144.0
10,3,1,29,109.0,109.0,176.0,145.0
10,3,2,29,108.0,108.0,174.0,145.0
10,3,3,25,91.0,98.0,166.0,144.0
10,3,4,30,94.0,101.0,166.0,143.0
10,3,5,32,108.0,116.0,172.0,139.0
10,4,0,29,122.0,123.0,180.0,141.0
10,4,1,29,110.0,106.0,176.0,147.0
10,4,2,30,110.0,107.0,174.0,146.0
10,4,3,29,93.0,98.0,159.0,142.0
10,4,4,30,95.0,100.0,163.0,143.0
10,4,5,29,94.0,100.0,162.0,142.0
20,0,0,28,113.0,122.0,179.0,139.0
20,0,1,28,111.0,113.0,179.0,144.0
20,0,2,27,110.0,116.0,180.0,142.0
20,0,3,27,111.0,115.0,183.0,144.0
20,0,4,26,112.0,118.0,189.0,144.0
20,0,5,27,118.0,124.0,191.0,143.0
20,0,6,28,119.0,128.0,193.0,141.0
20,0,7,27,118.0,126.0,194.0,142.0
20,0,8,28,122.0,133.0,196.0,140.0
20,0,9,28,131.0,145.0,201.0,136.0
20,1,0,27,109.0,115.0,179.0,142.0
20,1,1,28,104.0,106.0,175.0,145.0
20,1,2,27,106.0,107.0,179.0,146.0
20,1,3,29,110.0,112.0,182.0,145.0
20,1,4,28,109.0,112.0,185.0,145.0
20,1,5,27,109.0,113.0,186.0,145.0
20,1,6,29,113.0,118.0,189.0,144.0
20,1,7,27,111.0,118.0,195.0,145.0
20,1,8,29,120.0,131.0,195.0,140.0
20,1,9,29,129.0,142.0,201.0,138.0
20,2,0,28,114.0,121.0,180.0,140.0
20,2,1,28,113.0,112.0,180.0,145.0
20,2,2,28,114.0,116.0,176.0,142.0
20,2,3,29,115.0,118.0,185.0,143.0
20,2,4,28,114.0,119.0,189.0,144.0
20,2,5,29,116.0,120.0,189.0,144.0
20,2,6,28,115.0,120.0,190.0,144.0
20,2,7,29,117.0,124.0,194.0,143.0
20,2,8,28,119.0,129.0,197.0,141.0
20,2,9,28,129.0,141.0,202.0,139.0
20,3,0,28,146.0,122.0,195.0,153.0
20,3,1,29,141.0,119.0,195.0,153.0
20,3,2,28,141.0,120.0,195.0,152.0
20,3,3,28,121.0,131.0,205.0,143.0
20,3,4,29,120.0,131.0,207.0,143.0
20,3,5,28,131.0,145.0,210.0,139.0
20,4,0,27,163.0,135.0,202.0,152.0
20,4,1,28,150.0,117.0,198.0,157.0
20,4,2,27,146.0,118.0,198.0,156.0
20,4,3,29,123.0,131.0,205.0,144.0
20,4,4,28,123.0,135.0,211.0,143.0
20,4,5,28,126.0,141.0,214.0,141.0
30,0,0,27,96.0,104.0,156.0,139.0
30,0,1,28,95.0,97.0,156.0,142.0
30,0,2,27,94.0,97.0,154.0,141.0
30,0,3,27,91.0,95.0,152.0,142.0
30,0,4,28,92.0,95.0,153.0,142.0
30,0,5,29,94.0,97.0,150.0,140.0
30,0,6,26,88.0,91.0,145.0,141.0
30,0,7,29,90.0,92.0,146.0,141.0
30,0,8,28,92.0,96.0,148.0,140.0
30,0,9,29,100.0,107.0,153.0,137.0
30,1,0,32,98.0,104.0,158.0,140.0
30,1,1,29,89.0,91.0,152.0,143.0
30,1,2,28,88.0,90.0,151.0,143.0
30,1,3,29,90.0,91.0,150.0,143.0
30,1,4,28,87.0,88.0,149.0,144.0
30,1,5,28,84.0,85.0,144.0,143.0
30,1,6,27,82.0,82.0,140.0,144.0
30,1,7,27,81.0,83.0,144.0,144.0
30,1,8,28,89.0,93.0,146.0,140.0
30,1,9,28,96.0,101.0,151.0,139.0
30,2,0,28,95.0,99.0,154.0,140.0
30,2,1,27,92.0,92.0,150.0,143.0
30,2,2,27,93.0,92.0,145.0,142.0
30,2,3,29,93.0,94.0,151.0,142.0
30,2,4,27,91.0,92.0,151.0,143.0
30,2,5,31,92.0,93.0,149.0,142.0
30,2,6,28,85.0,85.0,141.0,143.0
30,2,7,27,86.0,87.0,144.0,143.0
30,2,8,27,89.0,92.0,148.0,141.0
30,2,9,27,96.0,102.0,154.0,139.0
30,3,0,29,174.0,103.0,168.0,166.0
30,3,1,29,165.0,94.0,163.0,168.0
30,3,2,29,158.0,95.0,162.0,165.0
30,3,3,27,92.0,99.0,160.0,141.0
30,3,4,28,91.0,97.0,159.0,142.0
30,3,5,30,105.0,113.0,169.0,139.0
30,4,0,29,203.0,114.0,175.0,171.0
30,4,1,28,190.0,92.0,168.0,177.0
30,4,2,28,176.0,91.0,166.0,173.0
30,4,3,29,102.0,109.0,174.0,142.0
30,4,4,29,103.0,111.0,177.0,142.0
30,4,5,28,102.0,112.0,178.0,142.0
40,0,0,30,131.0,135.0,199.0,142.0
40,0,1,29,125.0,123.0,195.0,146.0
40,0,2,31,123.0,125.0,192.0,143.0
40,0,3,30,118.0,119.0,186.0,144.0
40,0,4,27,113.0,113.0,183.0,145.0
40,0,5,30,114.0,115.0,177.0,143.0
40,0,6,30,109.0,110.0,171.0,143.0
40,0,7,31,107.0,106.0,166.0,143.0
40,0,8,30,108.0,109.0,167.0,142.0
40,0,9,30,115.0,118.0,169.0,139.0
40,1,0,31,127.0,132.0,199.0,142.0
40,1,1,31,121.0,121.0,194.0,146.0
40,1,2,30,116.0,116.0,189.0,146.0
40,1,3,30,113.0,113.0,184.0,146.0
40,1,4,29,110.0,109.0,182.0,147.0
40,1,5,30,107.0,105.0,173.0,146.0
40,1,6,31,103.0,102.0,167.0,145.0
40,1,7,30,99.0,98.0,165.0,145.0
40,1,8,29,107.0,108.0,165.0,142.0
40,1,9,31,113.0,114.0,170.0,141.0
40,2,0,30,126.0,130.0,195.0,142.0
40,2,1,29,121.0,117.0,187.0,146.0
40,2,2,30,121.0,117.0,175.0,143.0
40,2,3,30,114.0,113.0,179.0,145.0
40,2,4,31,111.0,109.0,175.0,145.0
40,2,5,31,108.0,106.0,170.0,144.0
40,2,6,32,106.0,104.0,167.0,144.0
40,2,7,30,104.0,103.0,166.0,144.0
40,2,8,30,108.0,109.0,170.0,143.0
40,2,9,24,110.0,110.0,174.0,144.0
40,3,0,29,216.0,125.0,190.0,172.0
40,3,1,29,216.0,116.0,185.0,176.0
40,3,2,30,213.0,116.0,182.0,174.0
40,3,3,30,119.0,126.0,200.0,144.0
40,3,4,31,119.0,126.0,205.0,145.0
40,3,5,30,129.0,140.0,206.0,140.0
40,4,0,29,227.0,126.0,188.0,175.0
40,4,1,30,222.0,114.0,185.0,179.0
40,4,2,36,131.0,136.0,207.0,144.0
40,4,3,32,128.0,134.0,211.0,145.0
40,4,4,34,136.0,146.0,212.0,140.0
50,0,0,30,120.0,120.0,184.0,143.0
50,0,1,27,111.0,104.0,175.0,148.0
50,0,2,30,106.0,103.0,167.0,145.0
50,0,3,31,103.0,99.0,162.0,145.0
50,0,4,30,101.0,98.0,163.0,146.0
50,0,5,31,104.0,103.0,161.0,143.0
50,0,6,31,100.0,97.0,157.0,144.0
50,0,7,37,105.0,103.0,159.0,142.0
50,0,8,32,101.0,101.0,155.0,142.0
50,0,9,34,115.0,118.0,168.0,139.0
50,1,0,31,117.0,119.0,183.0,143.0
50,1,1,33,108.0,105.0,174.0,146.0
50,1,2,31,104.0,100.0,167.0,146.0
50,1,3,30,102.0,97.0,163.0,146.0
50,1,4,32,102.0,97.0,162.0,146.0
50,1,5,30,99.0,93.0,159.0,147.0
50,1,6,31,97.0,92.0,156.0,146.0
50,1,7,31,92.0,88.0,154.0,147.0
50,1,8,31,99.0,98.0,154.0,142.0
50,1,9,30,104.0,105.0,159.0,141.0
50,2,0,32,125.0,127.0,189.0,142.0
50,2,1,31,120.0,111.0,180.0,148.0
50,2,2,31,119.0,112.0,167.0,143.0
50,2,3,32,112.0,107.0,169.0,145.0
50,2,4,31,110.0,104.0,168.0,146.0
50,2,5,31,107.0,103.0,165.0,145.0
50,2,6,33,106.0,102.0,163.0,144.0
50,2,7,30,98.0,94.0,157.0,145.0
50,2,8,30,99.0,98.0,157.0,143.0
50,2,9,31,107.0,108.0,161.0,140.0
50,2,10,56,184.0,184.0,194.0,130.0
50,3,0,42,129.0,129.0,180.0,140.0
50,3,1,31,103.0,103.0,173.0,146.0
50,3,2,29,111.0,116.0,177.0,141.0
50,4,0,31,115.0,116.0,187.0,145.0
50,4,1,43,147.0,149.0,198.0,138.0
50,4,2,32,126.0,132.0,191.0,140.0
50,4,3,40,204.0,203.0,206.0,129.0
60,0,0,35,136.0,142.0,183.0,135.0
60,0,1,29,120.0,125.0,179.0,139.0
60,0,2,26,111.0,121.0,182.0,140.0
60,0,3,26,111.0,121.0,181.0,139.0
60,0,4,29,120.0,129.0,184.0,138.0
60,0,5,26,116.0,125.0,181.0,138.0
60,0,6,26,114.0,124.0,180.0,138.0
60,0,7,36,120.0,127.0,178.0,138.0
60,0,8,29,123.0,132.0,182.0,137.0
60,0,9,26,126.0,136.0,183.0,136.0
60,1,0,32,118.0,129.0,177.0,135.0
60,1,1,27,105.0,111.0,169.0,141.0
60,1,2,29,107.0,114.0,173.0,140.0
60,1,3,23,103.0,109.0,172.0,142.0
60,1,4,29,107.0,115.0,174.0,140.0
60,1,5,26,104.0,111.0,171.0,141.0
60,1,6,26,101.0,107.0,168.0,141.0
60,1,7,29,107.0,114.0,174.0,141.0
60,1,8,56,123.0,131.0,175.0,136.0
60,1,9,40,127.0,134.0,174.0,135.0
60,2,0,29,111.0,121.0,175.0,138.0
60,2,1,27,107.0,111.0,168.0,141.0
60,2,2,27,106.0,110.0,161.0,139.0
60,2,3,29,109.0,117.0,175.0,140.0
60,2,4,41,122.0,127.0,175.0,137.0
60,2,5,29,108.0,115.0,174.0,140.0
60,2,6,27,104.0,110.0,168.0,141.0
60,2,7,26,103.0,108.0,170.0,142.0
60,2,8,30,110.0,117.0,173.0,139.0
60,2,9,27,111.0,118.0,171.0,138.0
60,3,0,27,190.0,191.0,198.0,129.0
60,3,1,30,183.0,185.0,193.0,129.0
60,3,2,30,182.0,185.0,191.0,128.0
60,3,3,32,178.0,182.0,191.0,128.0
60,4,0,27,112.0,123.0,184.0,139.0
60,4,1,28,112.0,123.0,183.0,139.0
60,4,2,32,129.0,140.0,185.0,135.0
60,5,0,26,105.0,115.0,178.0,141.0
60,5,1,51,140.0,146.0,180.0,133.0
60,5,2,29,110.0,123.0,178.0,137.0
70,0,0,33,147.0,133.0,180.0,143.0
70,0,1,30,140.0,118.0,173.0,148.0
70,0,2,27,126.0,122.0,179.0,143.0
70,0,3,38,152.0,148.0,183.0,137.0
70,0,4,30,131.0,127.0,179.0,141.0
70,0,5,38,151.0,145.0,181.0,138.0
70,0,6,36,160.0,140.0,175.0,142.0
70,0,7,29,203.0,104.0,158.0,174.0
70,0,8,26,213.0,126.0,161.0,166.0
70,1,0,46,131.0,125.0,173.0,141.0
70,1,1,41,151.0,112.0,168.0,154.0
70,1,2,31,119.0,111.0,173.0,146.0
70,1,3,39,125.0,119.0,175.0,143.0
70,1,4,41,124.0,119.0,175.0,143.0
70,1,5,42,124.0,114.0,169.0,144.0
70,1,6,28,126.0,96.0,159.0,153.0
70,1,7,29,163.0,88.0,152.0,168.0
70,1,8,38,206.0,113.0,154.0,170.0
70,1,9,39,206.0,117.0,155.0,167.0
70,2,0,32,124.0,122.0,174.0,141.0
70,2,1,28,123.0,107.0,168.0,148.0
70,2,2,35,124.0,114.0,166.0,143.0
70,2,3,53,129.0,122.0,171.0,142.0
70,2,4,41,135.0,113.0,170.0,149.0
70,2,5,41,128.0,116.0,170.0,145.0
70,2,6,29,124.0,97.0,158.0,152.0
70,2,7,35,191.0,101.0,155.0,171.0
70,2,8,40,200.0,111.0,155.0,169.0
70,3,0,37,180.0,175.0,182.0,131.0
70,4,0,29,120.0,116.0,174.0,143.0
70,4,1,42,147.0,141.0,177.0,138.0
70,4,2,32,130.0,126.0,174.0,140.0
70,5,0,31,194.0,190.0,187.0,129.0
70,5,1,33,113.0,112.0,171.0,143.0
70,5,2,55,134.0,133.0,171.0,137.0
70,5,3,48,135.0,134.0,170.0,136.0
